SNo,ISBN,Book Title,Book Author,Book Category,Edition,Publisher,Image URL,PDF URL
1,1,Book,Sriram,ECE,-,Sriram,uploads\1731339480591-893355352.9364974.png,uploads\1731339480791-460769888.1175295.pdf
2,2,2,Sri,ECE,-,-,uploads\1731342757333-744235463.103982.jpg,uploads\1731342757338-465808552.45916975.pdf
3,123,12,sri,SS,-,-,uploads\1731399538065-497962354.3513312.png,uploads\1731399538073-557063954.6418473.pdf